id,first_name,address,city,postal,phone,email,web,salary,birthdate,age
172-32-1176,Aleshia,14 Taylor St,St. Stephens Ward,CT2 7PP,01835-703597,atomkiewicz@hotmail.com,http://www.alandrosenburgcpapc.co.uk,46391,18/4/1968,54
514-14-8905,Evan,5 Binney St,Abbey Ward,HP11 2AX,01937-864715,evan.zigomalas@gmail.com,http://www.capgeminiamerica.co.uk,30798,20/12/1954,68
213-46-8915,France,8 Moor Place,East Southbourne and Tuckton W,BH6 3BE,01347-368222,france.andrade@hotmail.com,http://www.elliottjohnwesq.co.uk,32384,18/4/1968,54
524-02-7657,Ulysses,505 Exeter Rd,Hawerby cum Beesby,DN36 5RP,01912-771311,ulysses@hotmail.com,http://www.mcmahanbenl.co.uk,39298,22/3/1972,50
489-36-8350,Tyisha,5396 Forth Street,Greets Green and Lyng Ward,B70 9DT,01547-429341,tyisha.veness@hotmail.com,http://www.champagneroom.co.uk,41630,4/9/1974,48
514-30-2668,Eric,9472 Lind St,Desborough,NN14 2GH,01969-886290,erampy@rampy.co.uk,http://www.thompsonmichaelcesq.co.uk,46449,24/5/1996,26
505-88-5714,Marg,7457 Cowl St #70,Bargate Ward,SO14 3TY,01865-582516,marg@hotmail.com,http://www.wranglehillautoauctslvg.co.uk,43753,20/9/1973,49
690-05-5315,Laquita,20 Gloucester Pl #96,Chirton Ward,NE29 7AD,01746-394243,laquita@yahoo.com,http://www.incommunicationsinc.co.uk,44678,30/9/1979,43
646-44-9061,Lura,929 Augustine St,Staple Hill Ward,BS16 4LL,01907-538509,lura@hotmail.com,http://www.bizerbausainc.co.uk,48138,10/1/1988,35
421-37-1396,Yuette,45 Bradfield St #166,Parwich,DE6 1QN,01903-649460,yuette.klapec@klapec.co.uk,http://www.maxvideo.co.uk,34347,7/4/1990,32
461-97-5660,Fernanda,620 Northampton St,Wilmington,DA2 7PP,01630-202053,fernanda@writer.co.uk,http://www.krassociatesinc.co.uk,47750,1/1/1985,38
660-03-8360,Charlesetta,5 Hygeia St,Loundsley Green Ward,S40 4LY,01276-816806,charlesetta_erm@gmail.com,http://www.cainjohnmesq.co.uk,41117,9/7/1963,59
751-01-2327,Corrinne,2150 Morley St,Dee Ward,DG8 7DE,01625-932209,corrinne_jaret@gmail.com,http://www.soundvisioncorp.co.uk,48211,13/2/1978,44
559-81-1301,Niesha,24 Bolton St,"Broxburn, Uphall and Winchburg",EH52 5TL,01874-856950,niesha.bruch@yahoo.com,http://www.rowleyhansellpetetin.co.uk,30545,17/1/1962,61
624-84-9181,Rueben,4 Forrest St,Weston-Super-Mare,BS23 3HG,01976-755279,rueben_gastellum@gastellum.co.uk,http://www.industrialengineeringassocs.co.uk,44360,13/1/1990,33
449-48-3135,Michell,89 Noon St,Carbrooke,IP25 6JQ,01967-580851,mthrossell@throssell.co.uk,http://www.weissspirtguyer.co.uk,44509,11/6/1992,30
477-36-0282,Edgar,99 Guthrie St,New Milton,BH25 5DF,01326-532337,edgar.kanne@yahoo.com,http://www.crowankennethwesq.co.uk,34946,8/3/1971,51
458-02-6124,Dewitt,7 Richmond St,Parkham,EX39 5DJ,01253-528327,dewitt.julio@hotmail.com,http://www.rittenhousemotorco.co.uk,41353,17/9/1965,57
044-34-6954,Charisse,9165 Primrose St,Darnall Ward,S4 7WN,01719-831436,charisse_spinello@spinello.co.uk,http://www.modernplasticscorp.co.uk,36858,25/5/1977,45
587-03-2682,Mee,9 Pengwern St,Marldon,TQ3 1SA,01578-287816,mee.lapinski@yahoo.com,http://www.gallowayelectriccoinc.co.uk,46060,21/10/1968,54
421-90-3440,Peter,4410 Tarlton St,Prestatyn Community,LL19 9EG,01842-767201,peter_gutierres@yahoo.com,http://www.niagaracustombuiltmfgco.co.uk,49998,15/7/1983,39
451-80-3526,Octavio,6949 Bourne St,Lye and Stourbridge North Ward,DY5 2QP,01552-709248,octavio.salvadore@yahoo.com,http://www.practicalperiphrals.co.uk,43371,7/6/1979,43
300-62-3266,Martha,148 Rembrandt St,Warlingham,CR6 9SW,01677-684257,mteplica@teplica.co.uk,http://www.curtinpatriciamesq.co.uk,48575,8/2/1975,47
322-84-2281,Tamesha,2200 Nelson St #58,Newport,PO30 5AL,01217-342071,tveigel@veigel.co.uk,http://www.wilhelmjamesejr.co.uk,45275,17/8/1987,35
465-73-5022,Tess,61 Rossett St,Chichester,PO19 1RH,01473-229124,tess_sitra@hotmail.com,http://www.smartsigns.co.uk,32436,18/6/1974,48
612-20-6832,Leonard,41 Canning St,Steornabhagh a Deas Ward,HS1 2PZ,01230-623547,lkufner@kufner.co.uk,http://www.arcticstardistributinginc.co.uk,42427,15/8/1989,33
687-05-8365,Svetlana,8289 Cadogan St,South Ward,DN33 1AU,01781-827317,svetlana_tauras@tauras.co.uk,http://www.lensbowergregorylesq.co.uk,43793,22/5/1986,36
205-52-0027,Pok,211 Hobart St,Newquay,TR7 1LS,01866-248660,pok@yahoo.com,http://www.portalmetalproducts.co.uk,38232,23/3/1966,56
404-12-2154,Augustine,114 Falkland St #8845,Brimpton,RG7 4RF,01541-802635,augustine.growcock@growcock.co.uk,http://www.lynemacliffcpa.co.uk,37061,19/9/1994,28
151-32-2558,Karma,1 Birkett St,Shard End Ward,B33 0NH,01857-864722,kquarto@gmail.com,http://www.jcsmachinery.co.uk,33314,17/11/1969,53
